year,country,pop,country_code
1952,Afghanistan,8425333,AFG
1957,Afghanistan,9240934,AFG
1962,Afghanistan,10267083,AFG
1967,Afghanistan,11537966,AFG
1972,Afghanistan,13079460,AFG
1977,Afghanistan,14880372,AFG
1982,Afghanistan,12881816,AFG
1987,Afghanistan,13867957,AFG
1992,Afghanistan,16317921,AFG
1997,Afghanistan,22227415,AFG
2002,Afghanistan,25268405,AFG
2007,Afghanistan,31889923,AFG
1952,Albania,1282697,ALB
1957,Albania,1476505,ALB
1962,Albania,1728137,ALB
1967,Albania,1984060,ALB
1972,Albania,2263554,ALB
1977,Albania,2509048,ALB
1982,Albania,2780097,ALB
1987,Albania,3075321,ALB
1992,Albania,3326498,ALB
1997,Albania,3428038,ALB
2002,Albania,3508512,ALB
2007,Albania,3600523,ALB
1952,Algeria,9279525,DZA
1957,Algeria,10270856,DZA
1962,Algeria,11000948,DZA
1967,Algeria,12760499,DZA
1972,Algeria,14760787,DZA
1977,Algeria,17152804,DZA
1982,Algeria,20033753,DZA
1987,Algeria,23254956,DZA
1992,Algeria,26298373,DZA
1997,Algeria,29072015,DZA
2002,Algeria,31287142,DZA
2007,Algeria,33333216,DZA
1952,Angola,4232095,AGO
1957,Angola,4561361,AGO
1962,Angola,4826015,AGO
1967,Angola,5247469,AGO
1972,Angola,5894858,AGO
1977,Angola,6162675,AGO
1982,Angola,7016384,AGO
1987,Angola,7874230,AGO
1992,Angola,8735988,AGO
1997,Angola,9875024,AGO
2002,Angola,10866106,AGO
2007,Angola,12420476,AGO
1952,Argentina,17876956,ARG
1957,Argentina,19610538,ARG
1962,Argentina,21283783,ARG
1967,Argentina,22934225,ARG
1972,Argentina,24779799,ARG
1977,Argentina,26983828,ARG
1982,Argentina,29341374,ARG
1987,Argentina,31620918,ARG
1992,Argentina,33958947,ARG
1997,Argentina,36203463,ARG
2002,Argentina,38331121,ARG
2007,Argentina,40301927,ARG
1952,Australia,8691212,AUS
1957,Australia,9712569,AUS
1962,Australia,10794968,AUS
1967,Australia,11872264,AUS
1972,Australia,13177000,AUS
1977,Australia,14074100,AUS
1982,Australia,15184200,AUS
1987,Australia,16257249,AUS
1992,Australia,17481977,AUS
1997,Australia,18565243,AUS
2002,Australia,19546792,AUS
2007,Australia,20434176,AUS
1952,Austria,6927772,AUT
1957,Austria,6965860,AUT
1962,Austria,7129864,AUT
1967,Austria,7376998,AUT
1972,Austria,7544201,AUT
1977,Austria,7568430,AUT
1982,Austria,7574613,AUT
1987,Austria,7578903,AUT
1992,Austria,7914969,AUT
1997,Austria,8069876,AUT
2002,Austria,8148312,AUT
2007,Austria,8199783,AUT
1952,Bahrain,120447,BHR
1957,Bahrain,138655,BHR
1962,Bahrain,171863,BHR
1967,Bahrain,202182,BHR
1972,Bahrain,230800,BHR
1977,Bahrain,297410,BHR
1982,Bahrain,377967,BHR
1987,Bahrain,454612,BHR
1992,Bahrain,529491,BHR
1997,Bahrain,598561,BHR
2002,Bahrain,656397,BHR
2007,Bahrain,708573,BHR
1952,Bangladesh,46886859,BGD
1957,Bangladesh,51365468,BGD
1962,Bangladesh,56839289,BGD
1967,Bangladesh,62821884,BGD
1972,Bangladesh,70759295,BGD
1977,Bangladesh,80428306,BGD
1982,Bangladesh,93074406,BGD
1987,Bangladesh,103764241,BGD
1992,Bangladesh,113704579,BGD
1997,Bangladesh,123315288,BGD
2002,Bangladesh,135656790,BGD
2007,Bangladesh,150448339,BGD
1952,Belgium,8730405,BEL
1957,Belgium,8989111,BEL
1962,Belgium,9218400,BEL
1967,Belgium,9556500,BEL
1972,Belgium,9709100,BEL
1977,Belgium,9821800,BEL
1982,Belgium,9856303,BEL
1987,Belgium,9870200,BEL
1992,Belgium,10045622,BEL
1997,Belgium,10199787,BEL
2002,Belgium,10311970,BEL
2007,Belgium,10392226,BEL
1952,Benin,1738315,BEN
1957,Benin,1925173,BEN
1962,Benin,2151895,BEN
1967,Benin,2427334,BEN
1972,Benin,2761407,BEN
1977,Benin,3168267,BEN
1982,Benin,3641603,BEN
1987,Benin,4243788,BEN
1992,Benin,4981671,BEN
1997,Benin,6066080,BEN
2002,Benin,7026113,BEN
2007,Benin,8078314,BEN
1952,Bolivia,2883315,BOL
1957,Bolivia,3211738,BOL
1962,Bolivia,3593918,BOL
1967,Bolivia,4040665,BOL
1972,Bolivia,4565872,BOL
1977,Bolivia,5079716,BOL
1982,Bolivia,5642224,BOL
1987,Bolivia,6156369,BOL
1992,Bolivia,6893451,BOL
1997,Bolivia,7693188,BOL
2002,Bolivia,8445134,BOL
2007,Bolivia,9119152,BOL
1952,Bosnia and Herzegovina,2791000,BIH
1957,Bosnia and Herzegovina,3076000,BIH
1962,Bosnia and Herzegovina,3349000,BIH
1967,Bosnia and Herzegovina,3585000,BIH
1972,Bosnia and Herzegovina,3819000,BIH
1977,Bosnia and Herzegovina,4086000,BIH
1982,Bosnia and Herzegovina,4172693,BIH
1987,Bosnia and Herzegovina,4338977,BIH
1992,Bosnia and Herzegovina,4256013,BIH
1997,Bosnia and Herzegovina,3607000,BIH
2002,Bosnia and Herzegovina,4165416,BIH
2007,Bosnia and Herzegovina,4552198,BIH
1952,Botswana,442308,BWA
1957,Botswana,474639,BWA
1962,Botswana,512764,BWA
1967,Botswana,553541,BWA
1972,Botswana,619351,BWA
1977,Botswana,781472,BWA
1982,Botswana,970347,BWA
1987,Botswana,1151184,BWA
1992,Botswana,1342614,BWA
1997,Botswana,1536536,BWA
2002,Botswana,1630347,BWA
2007,Botswana,1639131,BWA
1952,Brazil,56602560,BRA
1957,Brazil,65551171,BRA
1962,Brazil,76039390,BRA
1967,Brazil,88049823,BRA
1972,Brazil,100840058,BRA
1977,Brazil,114313951,BRA
1982,Brazil,128962939,BRA
1987,Brazil,142938076,BRA
1992,Brazil,155975974,BRA
1997,Brazil,168546719,BRA
2002,Brazil,179914212,BRA
2007,Brazil,190010647,BRA
1952,Bulgaria,7274900,BGR
1957,Bulgaria,7651254,BGR
1962,Bulgaria,8012946,BGR
1967,Bulgaria,8310226,BGR
1972,Bulgaria,8576200,BGR
1977,Bulgaria,8797022,BGR
1982,Bulgaria,8892098,BGR
1987,Bulgaria,8971958,BGR
1992,Bulgaria,8658506,BGR
1997,Bulgaria,8066057,BGR
2002,Bulgaria,7661799,BGR
2007,Bulgaria,7322858,BGR
1952,Burkina Faso,4469979,BFA
1957,Burkina Faso,4713416,BFA
1962,Burkina Faso,4919632,BFA
1967,Burkina Faso,5127935,BFA
1972,Burkina Faso,5433886,BFA
1977,Burkina Faso,5889574,BFA
1982,Burkina Faso,6634596,BFA
1987,Burkina Faso,7586551,BFA
1992,Burkina Faso,8878303,BFA
1997,Burkina Faso,10352843,BFA
2002,Burkina Faso,12251209,BFA
2007,Burkina Faso,14326203,BFA
1952,Burundi,2445618,BDI
1957,Burundi,2667518,BDI
1962,Burundi,2961915,BDI
1967,Burundi,3330989,BDI
1972,Burundi,3529983,BDI
1977,Burundi,3834415,BDI
1982,Burundi,4580410,BDI
1987,Burundi,5126023,BDI
1992,Burundi,5809236,BDI
1997,Burundi,6121610,BDI
2002,Burundi,7021078,BDI
2007,Burundi,8390505,BDI
1952,Cambodia,4693836,KHM
1957,Cambodia,5322536,KHM
1962,Cambodia,6083619,KHM
1967,Cambodia,6960067,KHM
1972,Cambodia,7450606,KHM
1977,Cambodia,6978607,KHM
1982,Cambodia,7272485,KHM
1987,Cambodia,8371791,KHM
1992,Cambodia,10150094,KHM
1997,Cambodia,11782962,KHM
2002,Cambodia,12926707,KHM
2007,Cambodia,14131858,KHM
1952,Cameroon,5009067,CMR
1957,Cameroon,5359923,CMR
1962,Cameroon,5793633,CMR
1967,Cameroon,6335506,CMR
1972,Cameroon,7021028,CMR
1977,Cameroon,7959865,CMR
1982,Cameroon,9250831,CMR
1987,Cameroon,10780667,CMR
1992,Cameroon,12467171,CMR
1997,Cameroon,14195809,CMR
2002,Cameroon,15929988,CMR
2007,Cameroon,17696293,CMR
1952,Canada,14785584,CAN
1957,Canada,17010154,CAN
1962,Canada,18985849,CAN
1967,Canada,20819767,CAN
1972,Canada,22284500,CAN
1977,Canada,23796400,CAN
1982,Canada,25201900,CAN
1987,Canada,26549700,CAN
1992,Canada,28523502,CAN
1997,Canada,30305843,CAN
2002,Canada,31902268,CAN
2007,Canada,33390141,CAN
1952,Central African Republic,1291695,CAF
1957,Central African Republic,1392284,CAF
1962,Central African Republic,1523478,CAF
1967,Central African Republic,1733638,CAF
1972,Central African Republic,1927260,CAF
1977,Central African Republic,2167533,CAF
1982,Central African Republic,2476971,CAF
1987,Central African Republic,2840009,CAF
1992,Central African Republic,3265124,CAF
1997,Central African Republic,3696513,CAF
2002,Central African Republic,4048013,CAF
2007,Central African Republic,4369038,CAF
1952,Chad,2682462,TCD
1957,Chad,2894855,TCD
1962,Chad,3150417,TCD
1967,Chad,3495967,TCD
1972,Chad,3899068,TCD
1977,Chad,4388260,TCD
1982,Chad,4875118,TCD
1987,Chad,5498955,TCD
1992,Chad,6429417,TCD
1997,Chad,7562011,TCD
2002,Chad,8835739,TCD
2007,Chad,10238807,TCD
1952,Chile,6377619,CHL
1957,Chile,7048426,CHL
1962,Chile,7961258,CHL
1967,Chile,8858908,CHL
1972,Chile,9717524,CHL
1977,Chile,10599793,CHL
1982,Chile,11487112,CHL
1987,Chile,12463354,CHL
1992,Chile,13572994,CHL
1997,Chile,14599929,CHL
2002,Chile,15497046,CHL
2007,Chile,16284741,CHL
1952,China,556263527,CHN
1957,China,637408000,CHN
1962,China,665770000,CHN
1967,China,754550000,CHN
1972,China,862030000,CHN
1977,China,943455000,CHN
1982,China,1000281000,CHN
1987,China,1084035000,CHN
1992,China,1164970000,CHN
1997,China,1230075000,CHN
2002,China,1280400000,CHN
2007,China,1318683096,CHN
1952,Colombia,12350771,COL
1957,Colombia,14485993,COL
1962,Colombia,17009885,COL
1967,Colombia,19764027,COL
1972,Colombia,22542890,COL
1977,Colombia,25094412,COL
1982,Colombia,27764644,COL
1987,Colombia,30964245,COL
1992,Colombia,34202721,COL
1997,Colombia,37657830,COL
2002,Colombia,41008227,COL
2007,Colombia,44227550,COL
1952,Comoros,153936,COM
1957,Comoros,170928,COM
1962,Comoros,191689,COM
1967,Comoros,217378,COM
1972,Comoros,250027,COM
1977,Comoros,304739,COM
1982,Comoros,348643,COM
1987,Comoros,395114,COM
1992,Comoros,454429,COM
1997,Comoros,527982,COM
2002,Comoros,614382,COM
2007,Comoros,710960,COM
1952,"Congo, Dem. Rep.",14100005,
1957,"Congo, Dem. Rep.",15577932,
1962,"Congo, Dem. Rep.",17486434,
1967,"Congo, Dem. Rep.",19941073,
1972,"Congo, Dem. Rep.",23007669,
1977,"Congo, Dem. Rep.",26480870,
1982,"Congo, Dem. Rep.",30646495,
1987,"Congo, Dem. Rep.",35481645,
1992,"Congo, Dem. Rep.",41672143,
1997,"Congo, Dem. Rep.",47798986,
2002,"Congo, Dem. Rep.",55379852,
2007,"Congo, Dem. Rep.",64606759,
1952,"Congo, Rep.",854885,
1957,"Congo, Rep.",940458,
1962,"Congo, Rep.",1047924,
1967,"Congo, Rep.",1179760,
1972,"Congo, Rep.",1340458,
1977,"Congo, Rep.",1536769,
1982,"Congo, Rep.",1774735,
1987,"Congo, Rep.",2064095,
1992,"Congo, Rep.",2409073,
1997,"Congo, Rep.",2800947,
2002,"Congo, Rep.",3328795,
2007,"Congo, Rep.",3800610,
1952,Costa Rica,926317,CRI
1957,Costa Rica,1112300,CRI
1962,Costa Rica,1345187,CRI
1967,Costa Rica,1588717,CRI
1972,Costa Rica,1834796,CRI
1977,Costa Rica,2108457,CRI
1982,Costa Rica,2424367,CRI
1987,Costa Rica,2799811,CRI
1992,Costa Rica,3173216,CRI
1997,Costa Rica,3518107,CRI
2002,Costa Rica,3834934,CRI
2007,Costa Rica,4133884,CRI
1952,Cote d'Ivoire,2977019,CIV
1957,Cote d'Ivoire,3300000,CIV
1962,Cote d'Ivoire,3832408,CIV
1967,Cote d'Ivoire,4744870,CIV
1972,Cote d'Ivoire,6071696,CIV
1977,Cote d'Ivoire,7459574,CIV
1982,Cote d'Ivoire,9025951,CIV
1987,Cote d'Ivoire,10761098,CIV
1992,Cote d'Ivoire,12772596,CIV
1997,Cote d'Ivoire,14625967,CIV
2002,Cote d'Ivoire,16252726,CIV
2007,Cote d'Ivoire,18013409,CIV
1952,Croatia,3882229,HRV
1957,Croatia,3991242,HRV
1962,Croatia,4076557,HRV
1967,Croatia,4174366,HRV
1972,Croatia,4225310,HRV
1977,Croatia,4318673,HRV
1982,Croatia,4413368,HRV
1987,Croatia,4484310,HRV
1992,Croatia,4494013,HRV
1997,Croatia,4444595,HRV
2002,Croatia,4481020,HRV
2007,Croatia,4493312,HRV
1952,Cuba,6007797,CUB
1957,Cuba,6640752,CUB
1962,Cuba,7254373,CUB
1967,Cuba,8139332,CUB
1972,Cuba,8831348,CUB
1977,Cuba,9537988,CUB
1982,Cuba,9789224,CUB
1987,Cuba,10239839,CUB
1992,Cuba,10723260,CUB
1997,Cuba,10983007,CUB
2002,Cuba,11226999,CUB
2007,Cuba,11416987,CUB
1952,Czech Republic,9125183,CZE
1957,Czech Republic,9513758,CZE
1962,Czech Republic,9620282,CZE
1967,Czech Republic,9835109,CZE
1972,Czech Republic,9862158,CZE
1977,Czech Republic,10161915,CZE
1982,Czech Republic,10303704,CZE
1987,Czech Republic,10311597,CZE
1992,Czech Republic,10315702,CZE
1997,Czech Republic,10300707,CZE
2002,Czech Republic,10256295,CZE
2007,Czech Republic,10228744,CZE
1952,Denmark,4334000,DNK
1957,Denmark,4487831,DNK
1962,Denmark,4646899,DNK
1967,Denmark,4838800,DNK
1972,Denmark,4991596,DNK
1977,Denmark,5088419,DNK
1982,Denmark,5117810,DNK
1987,Denmark,5127024,DNK
1992,Denmark,5171393,DNK
1997,Denmark,5283663,DNK
2002,Denmark,5374693,DNK
2007,Denmark,5468120,DNK
1952,Djibouti,63149,DJI
1957,Djibouti,71851,DJI
1962,Djibouti,89898,DJI
1967,Djibouti,127617,DJI
1972,Djibouti,178848,DJI
1977,Djibouti,228694,DJI
1982,Djibouti,305991,DJI
1987,Djibouti,311025,DJI
1992,Djibouti,384156,DJI
1997,Djibouti,417908,DJI
2002,Djibouti,447416,DJI
2007,Djibouti,496374,DJI
1952,Dominican Republic,2491346,DOM
1957,Dominican Republic,2923186,DOM
1962,Dominican Republic,3453434,DOM
1967,Dominican Republic,4049146,DOM
1972,Dominican Republic,4671329,DOM
1977,Dominican Republic,5302800,DOM
1982,Dominican Republic,5968349,DOM
1987,Dominican Republic,6655297,DOM
1992,Dominican Republic,7351181,DOM
1997,Dominican Republic,7992357,DOM
2002,Dominican Republic,8650322,DOM
2007,Dominican Republic,9319622,DOM
1952,Ecuador,3548753,ECU
1957,Ecuador,4058385,ECU
1962,Ecuador,4681707,ECU
1967,Ecuador,5432424,ECU
1972,Ecuador,6298651,ECU
1977,Ecuador,7278866,ECU
1982,Ecuador,8365850,ECU
1987,Ecuador,9545158,ECU
1992,Ecuador,10748394,ECU
1997,Ecuador,11911819,ECU
2002,Ecuador,12921234,ECU
2007,Ecuador,13755680,ECU
1952,Egypt,22223309,EGY
1957,Egypt,25009741,EGY
1962,Egypt,28173309,EGY
1967,Egypt,31681188,EGY
1972,Egypt,34807417,EGY
1977,Egypt,38783863,EGY
1982,Egypt,45681811,EGY
1987,Egypt,52799062,EGY
1992,Egypt,59402198,EGY
1997,Egypt,66134291,EGY
2002,Egypt,73312559,EGY
2007,Egypt,80264543,EGY
1952,El Salvador,2042865,SLV
1957,El Salvador,2355805,SLV
1962,El Salvador,2747687,SLV
1967,El Salvador,3232927,SLV
1972,El Salvador,3790903,SLV
1977,El Salvador,4282586,SLV
1982,El Salvador,4474873,SLV
1987,El Salvador,4842194,SLV
1992,El Salvador,5274649,SLV
1997,El Salvador,5783439,SLV
2002,El Salvador,6353681,SLV
2007,El Salvador,6939688,SLV
1952,Equatorial Guinea,216964,GNQ
1957,Equatorial Guinea,232922,GNQ
1962,Equatorial Guinea,249220,GNQ
1967,Equatorial Guinea,259864,GNQ
1972,Equatorial Guinea,277603,GNQ
1977,Equatorial Guinea,192675,GNQ
1982,Equatorial Guinea,285483,GNQ
1987,Equatorial Guinea,341244,GNQ
1992,Equatorial Guinea,387838,GNQ
1997,Equatorial Guinea,439971,GNQ
2002,Equatorial Guinea,495627,GNQ
2007,Equatorial Guinea,551201,GNQ
1952,Eritrea,1438760,ERI
1957,Eritrea,1542611,ERI
1962,Eritrea,1666618,ERI
1967,Eritrea,1820319,ERI
1972,Eritrea,2260187,ERI
1977,Eritrea,2512642,ERI
1982,Eritrea,2637297,ERI
1987,Eritrea,2915959,ERI
1992,Eritrea,3668440,ERI
1997,Eritrea,4058319,ERI
2002,Eritrea,4414865,ERI
2007,Eritrea,4906585,ERI
1952,Ethiopia,20860941,ETH
1957,Ethiopia,22815614,ETH
1962,Ethiopia,25145372,ETH
1967,Ethiopia,27860297,ETH
1972,Ethiopia,30770372,ETH
1977,Ethiopia,34617799,ETH
1982,Ethiopia,38111756,ETH
1987,Ethiopia,42999530,ETH
1992,Ethiopia,52088559,ETH
1997,Ethiopia,59861301,ETH
2002,Ethiopia,67946797,ETH
2007,Ethiopia,76511887,ETH
1952,Finland,4090500,FIN
1957,Finland,4324000,FIN
1962,Finland,4491443,FIN
1967,Finland,4605744,FIN
1972,Finland,4639657,FIN
1977,Finland,4738902,FIN
1982,Finland,4826933,FIN
1987,Finland,4931729,FIN
1992,Finland,5041039,FIN
1997,Finland,5134406,FIN
2002,Finland,5193039,FIN
2007,Finland,5238460,FIN
1952,France,42459667,FRA
1957,France,44310863,FRA
1962,France,47124000,FRA
1967,France,49569000,FRA
1972,France,51732000,FRA
1977,France,53165019,FRA
1982,France,54433565,FRA
1987,France,55630100,FRA
1992,France,57374179,FRA
1997,France,58623428,FRA
2002,France,59925035,FRA
2007,France,61083916,FRA
1952,Gabon,420702,GAB
1957,Gabon,434904,GAB
1962,Gabon,455661,GAB
1967,Gabon,489004,GAB
1972,Gabon,537977,GAB
1977,Gabon,706367,GAB
1982,Gabon,753874,GAB
1987,Gabon,880397,GAB
1992,Gabon,985739,GAB
1997,Gabon,1126189,GAB
2002,Gabon,1299304,GAB
2007,Gabon,1454867,GAB
1952,Gambia,284320,GMB
1957,Gambia,323150,GMB
1962,Gambia,374020,GMB
1967,Gambia,439593,GMB
1972,Gambia,517101,GMB
1977,Gambia,608274,GMB
1982,Gambia,715523,GMB
1987,Gambia,848406,GMB
1992,Gambia,1025384,GMB
1997,Gambia,1235767,GMB
2002,Gambia,1457766,GMB
2007,Gambia,1688359,GMB
1952,Germany,69145952,DEU
1957,Germany,71019069,DEU
1962,Germany,73739117,DEU
1967,Germany,76368453,DEU
1972,Germany,78717088,DEU
1977,Germany,78160773,DEU
1982,Germany,78335266,DEU
1987,Germany,77718298,DEU
1992,Germany,80597764,DEU
1997,Germany,82011073,DEU
2002,Germany,82350671,DEU
2007,Germany,82400996,DEU
1952,Ghana,5581001,GHA
1957,Ghana,6391288,GHA
1962,Ghana,7355248,GHA
1967,Ghana,8490213,GHA
1972,Ghana,9354120,GHA
1977,Ghana,10538093,GHA
1982,Ghana,11400338,GHA
1987,Ghana,14168101,GHA
1992,Ghana,16278738,GHA
1997,Ghana,18418288,GHA
2002,Ghana,20550751,GHA
2007,Ghana,22873338,GHA
1952,Greece,7733250,GRC
1957,Greece,8096218,GRC
1962,Greece,8448233,GRC
1967,Greece,8716441,GRC
1972,Greece,8888628,GRC
1977,Greece,9308479,GRC
1982,Greece,9786480,GRC
1987,Greece,9974490,GRC
1992,Greece,10325429,GRC
1997,Greece,10502372,GRC
2002,Greece,10603863,GRC
2007,Greece,10706290,GRC
1952,Guatemala,3146381,GTM
1957,Guatemala,3640876,GTM
1962,Guatemala,4208858,GTM
1967,Guatemala,4690773,GTM
1972,Guatemala,5149581,GTM
1977,Guatemala,5703430,GTM
1982,Guatemala,6395630,GTM
1987,Guatemala,7326406,GTM
1992,Guatemala,8486949,GTM
1997,Guatemala,9803875,GTM
2002,Guatemala,11178650,GTM
2007,Guatemala,12572928,GTM
1952,Guinea,2664249,GIN
1957,Guinea,2876726,GIN
1962,Guinea,3140003,GIN
1967,Guinea,3451418,GIN
1972,Guinea,3811387,GIN
1977,Guinea,4227026,GIN
1982,Guinea,4710497,GIN
1987,Guinea,5650262,GIN
1992,Guinea,6990574,GIN
1997,Guinea,8048834,GIN
2002,Guinea,8807818,GIN
2007,Guinea,9947814,GIN
1952,Guinea-Bissau,580653,GNB
1957,Guinea-Bissau,601095,GNB
1962,Guinea-Bissau,627820,GNB
1967,Guinea-Bissau,601287,GNB
1972,Guinea-Bissau,625361,GNB
1977,Guinea-Bissau,745228,GNB
1982,Guinea-Bissau,825987,GNB
1987,Guinea-Bissau,927524,GNB
1992,Guinea-Bissau,1050938,GNB
1997,Guinea-Bissau,1193708,GNB
2002,Guinea-Bissau,1332459,GNB
2007,Guinea-Bissau,1472041,GNB
1952,Haiti,3201488,HTI
1957,Haiti,3507701,HTI
1962,Haiti,3880130,HTI
1967,Haiti,4318137,HTI
1972,Haiti,4698301,HTI
1977,Haiti,4908554,HTI
1982,Haiti,5198399,HTI
1987,Haiti,5756203,HTI
1992,Haiti,6326682,HTI
1997,Haiti,6913545,HTI
2002,Haiti,7607651,HTI
2007,Haiti,8502814,HTI
1952,Honduras,1517453,HND
1957,Honduras,1770390,HND
1962,Honduras,2090162,HND
1967,Honduras,2500689,HND
1972,Honduras,2965146,HND
1977,Honduras,3055235,HND
1982,Honduras,3669448,HND
1987,Honduras,4372203,HND
1992,Honduras,5077347,HND
1997,Honduras,5867957,HND
2002,Honduras,6677328,HND
2007,Honduras,7483763,HND
1952,"Hong Kong, China",2125900,
1957,"Hong Kong, China",2736300,
1962,"Hong Kong, China",3305200,
1967,"Hong Kong, China",3722800,
1972,"Hong Kong, China",4115700,
1977,"Hong Kong, China",4583700,
1982,"Hong Kong, China",5264500,
1987,"Hong Kong, China",5584510,
1992,"Hong Kong, China",5829696,
1997,"Hong Kong, China",6495918,
2002,"Hong Kong, China",6762476,
2007,"Hong Kong, China",6980412,
1952,Hungary,9504000,HUN
1957,Hungary,9839000,HUN
1962,Hungary,10063000,HUN
1967,Hungary,10223422,HUN
1972,Hungary,10394091,HUN
1977,Hungary,10637171,HUN
1982,Hungary,10705535,HUN
1987,Hungary,10612740,HUN
1992,Hungary,10348684,HUN
1997,Hungary,10244684,HUN
2002,Hungary,10083313,HUN
2007,Hungary,9956108,HUN
1952,Iceland,147962,ISL
1957,Iceland,165110,ISL
1962,Iceland,182053,ISL
1967,Iceland,198676,ISL
1972,Iceland,209275,ISL
1977,Iceland,221823,ISL
1982,Iceland,233997,ISL
1987,Iceland,244676,ISL
1992,Iceland,259012,ISL
1997,Iceland,271192,ISL
2002,Iceland,288030,ISL
2007,Iceland,301931,ISL
1952,India,372000000,IND
1957,India,409000000,IND
1962,India,454000000,IND
1967,India,506000000,IND
1972,India,567000000,IND
1977,India,634000000,IND
1982,India,708000000,IND
1987,India,788000000,IND
1992,India,872000000,IND
1997,India,959000000,IND
2002,India,1034172547,IND
2007,India,1110396331,IND
1952,Indonesia,82052000,IDN
1957,Indonesia,90124000,IDN
1962,Indonesia,99028000,IDN
1967,Indonesia,109343000,IDN
1972,Indonesia,121282000,IDN
1977,Indonesia,136725000,IDN
1982,Indonesia,153343000,IDN
1987,Indonesia,169276000,IDN
1992,Indonesia,184816000,IDN
1997,Indonesia,199278000,IDN
2002,Indonesia,211060000,IDN
2007,Indonesia,223547000,IDN
1952,Iran,17272000,IRN
1957,Iran,19792000,IRN
1962,Iran,22874000,IRN
1967,Iran,26538000,IRN
1972,Iran,30614000,IRN
1977,Iran,35480679,IRN
1982,Iran,43072751,IRN
1987,Iran,51889696,IRN
1992,Iran,60397973,IRN
1997,Iran,63327987,IRN
2002,Iran,66907826,IRN
2007,Iran,69453570,IRN
1952,Iraq,5441766,IRQ
1957,Iraq,6248643,IRQ
1962,Iraq,7240260,IRQ
1967,Iraq,8519282,IRQ
1972,Iraq,10061506,IRQ
1977,Iraq,11882916,IRQ
1982,Iraq,14173318,IRQ
1987,Iraq,16543189,IRQ
1992,Iraq,17861905,IRQ
1997,Iraq,20775703,IRQ
2002,Iraq,24001816,IRQ
2007,Iraq,27499638,IRQ
1952,Ireland,2952156,IRL
1957,Ireland,2878220,IRL
1962,Ireland,2830000,IRL
1967,Ireland,2900100,IRL
1972,Ireland,3024400,IRL
1977,Ireland,3271900,IRL
1982,Ireland,3480000,IRL
1987,Ireland,3539900,IRL
1992,Ireland,3557761,IRL
1997,Ireland,3667233,IRL
2002,Ireland,3879155,IRL
2007,Ireland,4109086,IRL
1952,Israel,1620914,ISR
1957,Israel,1944401,ISR
1962,Israel,2310904,ISR
1967,Israel,2693585,ISR
1972,Israel,3095893,ISR
1977,Israel,3495918,ISR
1982,Israel,3858421,ISR
1987,Israel,4203148,ISR
1992,Israel,4936550,ISR
1997,Israel,5531387,ISR
2002,Israel,6029529,ISR
2007,Israel,6426679,ISR
1952,Italy,47666000,ITA
1957,Italy,49182000,ITA
1962,Italy,50843200,ITA
1967,Italy,52667100,ITA
1972,Italy,54365564,ITA
1977,Italy,56059245,ITA
1982,Italy,56535636,ITA
1987,Italy,56729703,ITA
1992,Italy,56840847,ITA
1997,Italy,57479469,ITA
2002,Italy,57926999,ITA
2007,Italy,58147733,ITA
1952,Jamaica,1426095,JAM
1957,Jamaica,1535090,JAM
1962,Jamaica,1665128,JAM
1967,Jamaica,1861096,JAM
1972,Jamaica,1997616,JAM
1977,Jamaica,2156814,JAM
1982,Jamaica,2298309,JAM
1987,Jamaica,2326606,JAM
1992,Jamaica,2378618,JAM
1997,Jamaica,2531311,JAM
2002,Jamaica,2664659,JAM
2007,Jamaica,2780132,JAM
1952,Japan,86459025,JPN
1957,Japan,91563009,JPN
1962,Japan,95831757,JPN
1967,Japan,100825279,JPN
1972,Japan,107188273,JPN
1977,Japan,113872473,JPN
1982,Japan,118454974,JPN
1987,Japan,122091325,JPN
1992,Japan,124329269,JPN
1997,Japan,125956499,JPN
2002,Japan,127065841,JPN
2007,Japan,127467972,JPN
1952,Jordan,607914,JOR
1957,Jordan,746559,JOR
1962,Jordan,933559,JOR
1967,Jordan,1255058,JOR
1972,Jordan,1613551,JOR
1977,Jordan,1937652,JOR
1982,Jordan,2347031,JOR
1987,Jordan,2820042,JOR
1992,Jordan,3867409,JOR
1997,Jordan,4526235,JOR
2002,Jordan,5307470,JOR
2007,Jordan,6053193,JOR
1952,Kenya,6464046,KEN
1957,Kenya,7454779,KEN
1962,Kenya,8678557,KEN
1967,Kenya,10191512,KEN
1972,Kenya,12044785,KEN
1977,Kenya,14500404,KEN
1982,Kenya,17661452,KEN
1987,Kenya,21198082,KEN
1992,Kenya,25020539,KEN
1997,Kenya,28263827,KEN
2002,Kenya,31386842,KEN
2007,Kenya,35610177,KEN
1952,"Korea, Dem. Rep.",8865488,
1957,"Korea, Dem. Rep.",9411381,
1962,"Korea, Dem. Rep.",10917494,
1967,"Korea, Dem. Rep.",12617009,
1972,"Korea, Dem. Rep.",14781241,
1977,"Korea, Dem. Rep.",16325320,
1982,"Korea, Dem. Rep.",17647518,
1987,"Korea, Dem. Rep.",19067554,
1992,"Korea, Dem. Rep.",20711375,
1997,"Korea, Dem. Rep.",21585105,
2002,"Korea, Dem. Rep.",22215365,
2007,"Korea, Dem. Rep.",23301725,
1952,"Korea, Rep.",20947571,
1957,"Korea, Rep.",22611552,
1962,"Korea, Rep.",26420307,
1967,"Korea, Rep.",30131000,
1972,"Korea, Rep.",33505000,
1977,"Korea, Rep.",36436000,
1982,"Korea, Rep.",39326000,
1987,"Korea, Rep.",41622000,
1992,"Korea, Rep.",43805450,
1997,"Korea, Rep.",46173816,
2002,"Korea, Rep.",47969150,
2007,"Korea, Rep.",49044790,
1952,Kuwait,160000,KWT
1957,Kuwait,212846,KWT
1962,Kuwait,358266,KWT
1967,Kuwait,575003,KWT
1972,Kuwait,841934,KWT
1977,Kuwait,1140357,KWT
1982,Kuwait,1497494,KWT
1987,Kuwait,1891487,KWT
1992,Kuwait,1418095,KWT
1997,Kuwait,1765345,KWT
2002,Kuwait,2111561,KWT
2007,Kuwait,2505559,KWT
1952,Lebanon,1439529,LBN
1957,Lebanon,1647412,LBN
1962,Lebanon,1886848,LBN
1967,Lebanon,2186894,LBN
1972,Lebanon,2680018,LBN
1977,Lebanon,3115787,LBN
1982,Lebanon,3086876,LBN
1987,Lebanon,3089353,LBN
1992,Lebanon,3219994,LBN
1997,Lebanon,3430388,LBN
2002,Lebanon,3677780,LBN
2007,Lebanon,3921278,LBN
1952,Lesotho,748747,LSO
1957,Lesotho,813338,LSO
1962,Lesotho,893143,LSO
1967,Lesotho,996380,LSO
1972,Lesotho,1116779,LSO
1977,Lesotho,1251524,LSO
1982,Lesotho,1411807,LSO
1987,Lesotho,1599200,LSO
1992,Lesotho,1803195,LSO
1997,Lesotho,1982823,LSO
2002,Lesotho,2046772,LSO
2007,Lesotho,2012649,LSO
1952,Liberia,863308,LBR
1957,Liberia,975950,LBR
1962,Liberia,1112796,LBR
1967,Liberia,1279406,LBR
1972,Liberia,1482628,LBR
1977,Liberia,1703617,LBR
1982,Liberia,1956875,LBR
1987,Liberia,2269414,LBR
1992,Liberia,1912974,LBR
1997,Liberia,2200725,LBR
2002,Liberia,2814651,LBR
2007,Liberia,3193942,LBR
1952,Libya,1019729,LBY
1957,Libya,1201578,LBY
1962,Libya,1441863,LBY
1967,Libya,1759224,LBY
1972,Libya,2183877,LBY
1977,Libya,2721783,LBY
1982,Libya,3344074,LBY
1987,Libya,3799845,LBY
1992,Libya,4364501,LBY
1997,Libya,4759670,LBY
2002,Libya,5368585,LBY
2007,Libya,6036914,LBY
1952,Madagascar,4762912,MDG
1957,Madagascar,5181679,MDG
1962,Madagascar,5703324,MDG
1967,Madagascar,6334556,MDG
1972,Madagascar,7082430,MDG
1977,Madagascar,8007166,MDG
1982,Madagascar,9171477,MDG
1987,Madagascar,10568642,MDG
1992,Madagascar,12210395,MDG
1997,Madagascar,14165114,MDG
2002,Madagascar,16473477,MDG
2007,Madagascar,19167654,MDG
1952,Malawi,2917802,MWI
1957,Malawi,3221238,MWI
1962,Malawi,3628608,MWI
1967,Malawi,4147252,MWI
1972,Malawi,4730997,MWI
1977,Malawi,5637246,MWI
1982,Malawi,6502825,MWI
1987,Malawi,7824747,MWI
1992,Malawi,10014249,MWI
1997,Malawi,10419991,MWI
2002,Malawi,11824495,MWI
2007,Malawi,13327079,MWI
1952,Malaysia,6748378,MYS
1957,Malaysia,7739235,MYS
1962,Malaysia,8906385,MYS
1967,Malaysia,10154878,MYS
1972,Malaysia,11441462,MYS
1977,Malaysia,12845381,MYS
1982,Malaysia,14441916,MYS
1987,Malaysia,16331785,MYS
1992,Malaysia,18319502,MYS
1997,Malaysia,20476091,MYS
2002,Malaysia,22662365,MYS
2007,Malaysia,24821286,MYS
1952,Mali,3838168,MLI
1957,Mali,4241884,MLI
1962,Mali,4690372,MLI
1967,Mali,5212416,MLI
1972,Mali,5828158,MLI
1977,Mali,6491649,MLI
1982,Mali,6998256,MLI
1987,Mali,7634008,MLI
1992,Mali,8416215,MLI
1997,Mali,9384984,MLI
2002,Mali,10580176,MLI
2007,Mali,12031795,MLI
1952,Mauritania,1022556,MRT
1957,Mauritania,1076852,MRT
1962,Mauritania,1146757,MRT
1967,Mauritania,1230542,MRT
1972,Mauritania,1332786,MRT
1977,Mauritania,1456688,MRT
1982,Mauritania,1622136,MRT
1987,Mauritania,1841240,MRT
1992,Mauritania,2119465,MRT
1997,Mauritania,2444741,MRT
2002,Mauritania,2828858,MRT
2007,Mauritania,3270065,MRT
1952,Mauritius,516556,MUS
1957,Mauritius,609816,MUS
1962,Mauritius,701016,MUS
1967,Mauritius,789309,MUS
1972,Mauritius,851334,MUS
1977,Mauritius,913025,MUS
1982,Mauritius,992040,MUS
1987,Mauritius,1042663,MUS
1992,Mauritius,1096202,MUS
1997,Mauritius,1149818,MUS
2002,Mauritius,1200206,MUS
2007,Mauritius,1250882,MUS
1952,Mexico,30144317,MEX
1957,Mexico,35015548,MEX
1962,Mexico,41121485,MEX
1967,Mexico,47995559,MEX
1972,Mexico,55984294,MEX
1977,Mexico,63759976,MEX
1982,Mexico,71640904,MEX
1987,Mexico,80122492,MEX
1992,Mexico,88111030,MEX
1997,Mexico,95895146,MEX
2002,Mexico,102479927,MEX
2007,Mexico,108700891,MEX
1952,Mongolia,800663,MNG
1957,Mongolia,882134,MNG
1962,Mongolia,1010280,MNG
1967,Mongolia,1149500,MNG
1972,Mongolia,1320500,MNG
1977,Mongolia,1528000,MNG
1982,Mongolia,1756032,MNG
1987,Mongolia,2015133,MNG
1992,Mongolia,2312802,MNG
1997,Mongolia,2494803,MNG
2002,Mongolia,2674234,MNG
2007,Mongolia,2874127,MNG
1952,Montenegro,413834,MNE
1957,Montenegro,442829,MNE
1962,Montenegro,474528,MNE
1967,Montenegro,501035,MNE
1972,Montenegro,527678,MNE
1977,Montenegro,560073,MNE
1982,Montenegro,562548,MNE
1987,Montenegro,569473,MNE
1992,Montenegro,621621,MNE
1997,Montenegro,692651,MNE
2002,Montenegro,720230,MNE
2007,Montenegro,684736,MNE
1952,Morocco,9939217,MAR
1957,Morocco,11406350,MAR
1962,Morocco,13056604,MAR
1967,Morocco,14770296,MAR
1972,Morocco,16660670,MAR
1977,Morocco,18396941,MAR
1982,Morocco,20198730,MAR
1987,Morocco,22987397,MAR
1992,Morocco,25798239,MAR
1997,Morocco,28529501,MAR
2002,Morocco,31167783,MAR
2007,Morocco,33757175,MAR
1952,Mozambique,6446316,MOZ
1957,Mozambique,7038035,MOZ
1962,Mozambique,7788944,MOZ
1967,Mozambique,8680909,MOZ
1972,Mozambique,9809596,MOZ
1977,Mozambique,11127868,MOZ
1982,Mozambique,12587223,MOZ
1987,Mozambique,12891952,MOZ
1992,Mozambique,13160731,MOZ
1997,Mozambique,16603334,MOZ
2002,Mozambique,18473780,MOZ
2007,Mozambique,19951656,MOZ
1952,Myanmar,20092996,MMR
1957,Myanmar,21731844,MMR
1962,Myanmar,23634436,MMR
1967,Myanmar,25870271,MMR
1972,Myanmar,28466390,MMR
1977,Myanmar,31528087,MMR
1982,Myanmar,34680442,MMR
1987,Myanmar,38028578,MMR
1992,Myanmar,40546538,MMR
1997,Myanmar,43247867,MMR
2002,Myanmar,45598081,MMR
2007,Myanmar,47761980,MMR
1952,Namibia,485831,NAM
1957,Namibia,548080,NAM
1962,Namibia,621392,NAM
1967,Namibia,706640,NAM
1972,Namibia,821782,NAM
1977,Namibia,977026,NAM
1982,Namibia,1099010,NAM
1987,Namibia,1278184,NAM
1992,Namibia,1554253,NAM
1997,Namibia,1774766,NAM
2002,Namibia,1972153,NAM
2007,Namibia,2055080,NAM
1952,Nepal,9182536,NPL
1957,Nepal,9682338,NPL
1962,Nepal,10332057,NPL
1967,Nepal,11261690,NPL
1972,Nepal,12412593,NPL
1977,Nepal,13933198,NPL
1982,Nepal,15796314,NPL
1987,Nepal,17917180,NPL
1992,Nepal,20326209,NPL
1997,Nepal,23001113,NPL
2002,Nepal,25873917,NPL
2007,Nepal,28901790,NPL
1952,Netherlands,10381988,NLD
1957,Netherlands,11026383,NLD
1962,Netherlands,11805689,NLD
1967,Netherlands,12596822,NLD
1972,Netherlands,13329874,NLD
1977,Netherlands,13852989,NLD
1982,Netherlands,14310401,NLD
1987,Netherlands,14665278,NLD
1992,Netherlands,15174244,NLD
1997,Netherlands,15604464,NLD
2002,Netherlands,16122830,NLD
2007,Netherlands,16570613,NLD
1952,New Zealand,1994794,NZL
1957,New Zealand,2229407,NZL
1962,New Zealand,2488550,NZL
1967,New Zealand,2728150,NZL
1972,New Zealand,2929100,NZL
1977,New Zealand,3164900,NZL
1982,New Zealand,3210650,NZL
1987,New Zealand,3317166,NZL
1992,New Zealand,3437674,NZL
1997,New Zealand,3676187,NZL
2002,New Zealand,3908037,NZL
2007,New Zealand,4115771,NZL
1952,Nicaragua,1165790,NIC
1957,Nicaragua,1358828,NIC
1962,Nicaragua,1590597,NIC
1967,Nicaragua,1865490,NIC
1972,Nicaragua,2182908,NIC
1977,Nicaragua,2554598,NIC
1982,Nicaragua,2979423,NIC
1987,Nicaragua,3344353,NIC
1992,Nicaragua,4017939,NIC
1997,Nicaragua,4609572,NIC
2002,Nicaragua,5146848,NIC
2007,Nicaragua,5675356,NIC
1952,Niger,3379468,NGA
1957,Niger,3692184,NGA
1962,Niger,4076008,NGA
1967,Niger,4534062,NGA
1972,Niger,5060262,NGA
1977,Niger,5682086,NGA
1982,Niger,6437188,NGA
1987,Niger,7332638,NGA
1992,Niger,8392818,NGA
1997,Niger,9666252,NGA
2002,Niger,11140655,NGA
2007,Niger,12894865,NGA
1952,Nigeria,33119096,NGA
1957,Nigeria,37173340,NGA
1962,Nigeria,41871351,NGA
1967,Nigeria,47287752,NGA
1972,Nigeria,53740085,NGA
1977,Nigeria,62209173,NGA
1982,Nigeria,73039376,NGA
1987,Nigeria,81551520,NGA
1992,Nigeria,93364244,NGA
1997,Nigeria,106207839,NGA
2002,Nigeria,119901274,NGA
2007,Nigeria,135031164,NGA
1952,Norway,3327728,NOR
1957,Norway,3491938,NOR
1962,Norway,3638919,NOR
1967,Norway,3786019,NOR
1972,Norway,3933004,NOR
1977,Norway,4043205,NOR
1982,Norway,4114787,NOR
1987,Norway,4186147,NOR
1992,Norway,4286357,NOR
1997,Norway,4405672,NOR
2002,Norway,4535591,NOR
2007,Norway,4627926,NOR
1952,Oman,507833,OMN
1957,Oman,561977,OMN
1962,Oman,628164,OMN
1967,Oman,714775,OMN
1972,Oman,829050,OMN
1977,Oman,1004533,OMN
1982,Oman,1301048,OMN
1987,Oman,1593882,OMN
1992,Oman,1915208,OMN
1997,Oman,2283635,OMN
2002,Oman,2713462,OMN
2007,Oman,3204897,OMN
1952,Pakistan,41346560,PAK
1957,Pakistan,46679944,PAK
1962,Pakistan,53100671,PAK
1967,Pakistan,60641899,PAK
1972,Pakistan,69325921,PAK
1977,Pakistan,78152686,PAK
1982,Pakistan,91462088,PAK
1987,Pakistan,105186881,PAK
1992,Pakistan,120065004,PAK
1997,Pakistan,135564834,PAK
2002,Pakistan,153403524,PAK
2007,Pakistan,169270617,PAK
1952,Panama,940080,PAN
1957,Panama,1063506,PAN
1962,Panama,1215725,PAN
1967,Panama,1405486,PAN
1972,Panama,1616384,PAN
1977,Panama,1839782,PAN
1982,Panama,2036305,PAN
1987,Panama,2253639,PAN
1992,Panama,2484997,PAN
1997,Panama,2734531,PAN
2002,Panama,2990875,PAN
2007,Panama,3242173,PAN
1952,Paraguay,1555876,PRY
1957,Paraguay,1770902,PRY
1962,Paraguay,2009813,PRY
1967,Paraguay,2287985,PRY
1972,Paraguay,2614104,PRY
1977,Paraguay,2984494,PRY
1982,Paraguay,3366439,PRY
1987,Paraguay,3886512,PRY
1992,Paraguay,4483945,PRY
1997,Paraguay,5154123,PRY
2002,Paraguay,5884491,PRY
2007,Paraguay,6667147,PRY
1952,Peru,8025700,PER
1957,Peru,9146100,PER
1962,Peru,10516500,PER
1967,Peru,12132200,PER
1972,Peru,13954700,PER
1977,Peru,15990099,PER
1982,Peru,18125129,PER
1987,Peru,20195924,PER
1992,Peru,22430449,PER
1997,Peru,24748122,PER
2002,Peru,26769436,PER
2007,Peru,28674757,PER
1952,Philippines,22438691,PHL
1957,Philippines,26072194,PHL
1962,Philippines,30325264,PHL
1967,Philippines,35356600,PHL
1972,Philippines,40850141,PHL
1977,Philippines,46850962,PHL
1982,Philippines,53456774,PHL
1987,Philippines,60017788,PHL
1992,Philippines,67185766,PHL
1997,Philippines,75012988,PHL
2002,Philippines,82995088,PHL
2007,Philippines,91077287,PHL
1952,Poland,25730551,POL
1957,Poland,28235346,POL
1962,Poland,30329617,POL
1967,Poland,31785378,POL
1972,Poland,33039545,POL
1977,Poland,34621254,POL
1982,Poland,36227381,POL
1987,Poland,37740710,POL
1992,Poland,38370697,POL
1997,Poland,38654957,POL
2002,Poland,38625976,POL
2007,Poland,38518241,POL
1952,Portugal,8526050,PRT
1957,Portugal,8817650,PRT
1962,Portugal,9019800,PRT
1967,Portugal,9103000,PRT
1972,Portugal,8970450,PRT
1977,Portugal,9662600,PRT
1982,Portugal,9859650,PRT
1987,Portugal,9915289,PRT
1992,Portugal,9927680,PRT
1997,Portugal,10156415,PRT
2002,Portugal,10433867,PRT
2007,Portugal,10642836,PRT
1952,Puerto Rico,2227000,PRI
1957,Puerto Rico,2260000,PRI
1962,Puerto Rico,2448046,PRI
1967,Puerto Rico,2648961,PRI
1972,Puerto Rico,2847132,PRI
1977,Puerto Rico,3080828,PRI
1982,Puerto Rico,3279001,PRI
1987,Puerto Rico,3444468,PRI
1992,Puerto Rico,3585176,PRI
1997,Puerto Rico,3759430,PRI
2002,Puerto Rico,3859606,PRI
2007,Puerto Rico,3942491,PRI
1952,Reunion,257700,REU
1957,Reunion,308700,REU
1962,Reunion,358900,REU
1967,Reunion,414024,REU
1972,Reunion,461633,REU
1977,Reunion,492095,REU
1982,Reunion,517810,REU
1987,Reunion,562035,REU
1992,Reunion,622191,REU
1997,Reunion,684810,REU
2002,Reunion,743981,REU
2007,Reunion,798094,REU
1952,Romania,16630000,ROU
1957,Romania,17829327,ROU
1962,Romania,18680721,ROU
1967,Romania,19284814,ROU
1972,Romania,20662648,ROU
1977,Romania,21658597,ROU
1982,Romania,22356726,ROU
1987,Romania,22686371,ROU
1992,Romania,22797027,ROU
1997,Romania,22562458,ROU
2002,Romania,22404337,ROU
2007,Romania,22276056,ROU
1952,Rwanda,2534927,RWA
1957,Rwanda,2822082,RWA
1962,Rwanda,3051242,RWA
1967,Rwanda,3451079,RWA
1972,Rwanda,3992121,RWA
1977,Rwanda,4657072,RWA
1982,Rwanda,5507565,RWA
1987,Rwanda,6349365,RWA
1992,Rwanda,7290203,RWA
1997,Rwanda,7212583,RWA
2002,Rwanda,7852401,RWA
2007,Rwanda,8860588,RWA
1952,Sao Tome and Principe,60011,STP
1957,Sao Tome and Principe,61325,STP
1962,Sao Tome and Principe,65345,STP
1967,Sao Tome and Principe,70787,STP
1972,Sao Tome and Principe,76595,STP
1977,Sao Tome and Principe,86796,STP
1982,Sao Tome and Principe,98593,STP
1987,Sao Tome and Principe,110812,STP
1992,Sao Tome and Principe,125911,STP
1997,Sao Tome and Principe,145608,STP
2002,Sao Tome and Principe,170372,STP
2007,Sao Tome and Principe,199579,STP
1952,Saudi Arabia,4005677,SAU
1957,Saudi Arabia,4419650,SAU
1962,Saudi Arabia,4943029,SAU
1967,Saudi Arabia,5618198,SAU
1972,Saudi Arabia,6472756,SAU
1977,Saudi Arabia,8128505,SAU
1982,Saudi Arabia,11254672,SAU
1987,Saudi Arabia,14619745,SAU
1992,Saudi Arabia,16945857,SAU
1997,Saudi Arabia,21229759,SAU
2002,Saudi Arabia,24501530,SAU
2007,Saudi Arabia,27601038,SAU
1952,Senegal,2755589,SEN
1957,Senegal,3054547,SEN
1962,Senegal,3430243,SEN
1967,Senegal,3965841,SEN
1972,Senegal,4588696,SEN
1977,Senegal,5260855,SEN
1982,Senegal,6147783,SEN
1987,Senegal,7171347,SEN
1992,Senegal,8307920,SEN
1997,Senegal,9535314,SEN
2002,Senegal,10870037,SEN
2007,Senegal,12267493,SEN
1952,Serbia,6860147,SRB
1957,Serbia,7271135,SRB
1962,Serbia,7616060,SRB
1967,Serbia,7971222,SRB
1972,Serbia,8313288,SRB
1977,Serbia,8686367,SRB
1982,Serbia,9032824,SRB
1987,Serbia,9230783,SRB
1992,Serbia,9826397,SRB
1997,Serbia,10336594,SRB
2002,Serbia,10111559,SRB
2007,Serbia,10150265,SRB
1952,Sierra Leone,2143249,SLE
1957,Sierra Leone,2295678,SLE
1962,Sierra Leone,2467895,SLE
1967,Sierra Leone,2662190,SLE
1972,Sierra Leone,2879013,SLE
1977,Sierra Leone,3140897,SLE
1982,Sierra Leone,3464522,SLE
1987,Sierra Leone,3868905,SLE
1992,Sierra Leone,4260884,SLE
1997,Sierra Leone,4578212,SLE
2002,Sierra Leone,5359092,SLE
2007,Sierra Leone,6144562,SLE
1952,Singapore,1127000,SGP
1957,Singapore,1445929,SGP
1962,Singapore,1750200,SGP
1967,Singapore,1977600,SGP
1972,Singapore,2152400,SGP
1977,Singapore,2325300,SGP
1982,Singapore,2651869,SGP
1987,Singapore,2794552,SGP
1992,Singapore,3235865,SGP
1997,Singapore,3802309,SGP
2002,Singapore,4197776,SGP
2007,Singapore,4553009,SGP
1952,Slovak Republic,3558137,SVK
1957,Slovak Republic,3844277,SVK
1962,Slovak Republic,4237384,SVK
1967,Slovak Republic,4442238,SVK
1972,Slovak Republic,4593433,SVK
1977,Slovak Republic,4827803,SVK
1982,Slovak Republic,5048043,SVK
1987,Slovak Republic,5199318,SVK
1992,Slovak Republic,5302888,SVK
1997,Slovak Republic,5383010,SVK
2002,Slovak Republic,5410052,SVK
2007,Slovak Republic,5447502,SVK
1952,Slovenia,1489518,SVN
1957,Slovenia,1533070,SVN
1962,Slovenia,1582962,SVN
1967,Slovenia,1646912,SVN
1972,Slovenia,1694510,SVN
1977,Slovenia,1746919,SVN
1982,Slovenia,1861252,SVN
1987,Slovenia,1945870,SVN
1992,Slovenia,1999210,SVN
1997,Slovenia,2011612,SVN
2002,Slovenia,2011497,SVN
2007,Slovenia,2009245,SVN
1952,Somalia,2526994,SOM
1957,Somalia,2780415,SOM
1962,Somalia,3080153,SOM
1967,Somalia,3428839,SOM
1972,Somalia,3840161,SOM
1977,Somalia,4353666,SOM
1982,Somalia,5828892,SOM
1987,Somalia,6921858,SOM
1992,Somalia,6099799,SOM
1997,Somalia,6633514,SOM
2002,Somalia,7753310,SOM
2007,Somalia,9118773,SOM
1952,South Africa,14264935,ZAF
1957,South Africa,16151549,ZAF
1962,South Africa,18356657,ZAF
1967,South Africa,20997321,ZAF
1972,South Africa,23935810,ZAF
1977,South Africa,27129932,ZAF
1982,South Africa,31140029,ZAF
1987,South Africa,35933379,ZAF
1992,South Africa,39964159,ZAF
1997,South Africa,42835005,ZAF
2002,South Africa,44433622,ZAF
2007,South Africa,43997828,ZAF
1952,Spain,28549870,ESP
1957,Spain,29841614,ESP
1962,Spain,31158061,ESP
1967,Spain,32850275,ESP
1972,Spain,34513161,ESP
1977,Spain,36439000,ESP
1982,Spain,37983310,ESP
1987,Spain,38880702,ESP
1992,Spain,39549438,ESP
1997,Spain,39855442,ESP
2002,Spain,40152517,ESP
2007,Spain,40448191,ESP
1952,Sri Lanka,7982342,LKA
1957,Sri Lanka,9128546,LKA
1962,Sri Lanka,10421936,LKA
1967,Sri Lanka,11737396,LKA
1972,Sri Lanka,13016733,LKA
1977,Sri Lanka,14116836,LKA
1982,Sri Lanka,15410151,LKA
1987,Sri Lanka,16495304,LKA
1992,Sri Lanka,17587060,LKA
1997,Sri Lanka,18698655,LKA
2002,Sri Lanka,19576783,LKA
2007,Sri Lanka,20378239,LKA
1952,Sudan,8504667,SDN
1957,Sudan,9753392,SDN
1962,Sudan,11183227,SDN
1967,Sudan,12716129,SDN
1972,Sudan,14597019,SDN
1977,Sudan,17104986,SDN
1982,Sudan,20367053,SDN
1987,Sudan,24725960,SDN
1992,Sudan,28227588,SDN
1997,Sudan,32160729,SDN
2002,Sudan,37090298,SDN
2007,Sudan,42292929,SDN
1952,Swaziland,290243,
1957,Swaziland,326741,
1962,Swaziland,370006,
1967,Swaziland,420690,
1972,Swaziland,480105,
1977,Swaziland,551425,
1982,Swaziland,649901,
1987,Swaziland,779348,
1992,Swaziland,962344,
1997,Swaziland,1054486,
2002,Swaziland,1130269,
2007,Swaziland,1133066,
1952,Sweden,7124673,SWE
1957,Sweden,7363802,SWE
1962,Sweden,7561588,SWE
1967,Sweden,7867931,SWE
1972,Sweden,8122293,SWE
1977,Sweden,8251648,SWE
1982,Sweden,8325260,SWE
1987,Sweden,8421403,SWE
1992,Sweden,8718867,SWE
1997,Sweden,8897619,SWE
2002,Sweden,8954175,SWE
2007,Sweden,9031088,SWE
1952,Switzerland,4815000,CHE
1957,Switzerland,5126000,CHE
1962,Switzerland,5666000,CHE
1967,Switzerland,6063000,CHE
1972,Switzerland,6401400,CHE
1977,Switzerland,6316424,CHE
1982,Switzerland,6468126,CHE
1987,Switzerland,6649942,CHE
1992,Switzerland,6995447,CHE
1997,Switzerland,7193761,CHE
2002,Switzerland,7361757,CHE
2007,Switzerland,7554661,CHE
1952,Syria,3661549,SYR
1957,Syria,4149908,SYR
1962,Syria,4834621,SYR
1967,Syria,5680812,SYR
1972,Syria,6701172,SYR
1977,Syria,7932503,SYR
1982,Syria,9410494,SYR
1987,Syria,11242847,SYR
1992,Syria,13219062,SYR
1997,Syria,15081016,SYR
2002,Syria,17155814,SYR
2007,Syria,19314747,SYR
1952,Taiwan,8550362,TWN
1957,Taiwan,10164215,TWN
1962,Taiwan,11918938,TWN
1967,Taiwan,13648692,TWN
1972,Taiwan,15226039,TWN
1977,Taiwan,16785196,TWN
1982,Taiwan,18501390,TWN
1987,Taiwan,19757799,TWN
1992,Taiwan,20686918,TWN
1997,Taiwan,21628605,TWN
2002,Taiwan,22454239,TWN
2007,Taiwan,23174294,TWN
1952,Tanzania,8322925,TZA
1957,Tanzania,9452826,TZA
1962,Tanzania,10863958,TZA
1967,Tanzania,12607312,TZA
1972,Tanzania,14706593,TZA
1977,Tanzania,17129565,TZA
1982,Tanzania,19844382,TZA
1987,Tanzania,23040630,TZA
1992,Tanzania,26605473,TZA
1997,Tanzania,30686889,TZA
2002,Tanzania,34593779,TZA
2007,Tanzania,38139640,TZA
1952,Thailand,21289402,THA
1957,Thailand,25041917,THA
1962,Thailand,29263397,THA
1967,Thailand,34024249,THA
1972,Thailand,39276153,THA
1977,Thailand,44148285,THA
1982,Thailand,48827160,THA
1987,Thailand,52910342,THA
1992,Thailand,56667095,THA
1997,Thailand,60216677,THA
2002,Thailand,62806748,THA
2007,Thailand,65068149,THA
1952,Togo,1219113,TGO
1957,Togo,1357445,TGO
1962,Togo,1528098,TGO
1967,Togo,1735550,TGO
1972,Togo,2056351,TGO
1977,Togo,2308582,TGO
1982,Togo,2644765,TGO
1987,Togo,3154264,TGO
1992,Togo,3747553,TGO
1997,Togo,4320890,TGO
2002,Togo,4977378,TGO
2007,Togo,5701579,TGO
1952,Trinidad and Tobago,662850,TTO
1957,Trinidad and Tobago,764900,TTO
1962,Trinidad and Tobago,887498,TTO
1967,Trinidad and Tobago,960155,TTO
1972,Trinidad and Tobago,975199,TTO
1977,Trinidad and Tobago,1039009,TTO
1982,Trinidad and Tobago,1116479,TTO
1987,Trinidad and Tobago,1191336,TTO
1992,Trinidad and Tobago,1183669,TTO
1997,Trinidad and Tobago,1138101,TTO
2002,Trinidad and Tobago,1101832,TTO
2007,Trinidad and Tobago,1056608,TTO
1952,Tunisia,3647735,TUN
1957,Tunisia,3950849,TUN
1962,Tunisia,4286552,TUN
1967,Tunisia,4786986,TUN
1972,Tunisia,5303507,TUN
1977,Tunisia,6005061,TUN
1982,Tunisia,6734098,TUN
1987,Tunisia,7724976,TUN
1992,Tunisia,8523077,TUN
1997,Tunisia,9231669,TUN
2002,Tunisia,9770575,TUN
2007,Tunisia,10276158,TUN
1952,Turkey,22235677,TUR
1957,Turkey,25670939,TUR
1962,Turkey,29788695,TUR
1967,Turkey,33411317,TUR
1972,Turkey,37492953,TUR
1977,Turkey,42404033,TUR
1982,Turkey,47328791,TUR
1987,Turkey,52881328,TUR
1992,Turkey,58179144,TUR
1997,Turkey,63047647,TUR
2002,Turkey,67308928,TUR
2007,Turkey,71158647,TUR
1952,Uganda,5824797,UGA
1957,Uganda,6675501,UGA
1962,Uganda,7688797,UGA
1967,Uganda,8900294,UGA
1972,Uganda,10190285,UGA
1977,Uganda,11457758,UGA
1982,Uganda,12939400,UGA
1987,Uganda,15283050,UGA
1992,Uganda,18252190,UGA
1997,Uganda,21210254,UGA
2002,Uganda,24739869,UGA
2007,Uganda,29170398,UGA
1952,United Kingdom,50430000,GBR
1957,United Kingdom,51430000,GBR
1962,United Kingdom,53292000,GBR
1967,United Kingdom,54959000,GBR
1972,United Kingdom,56079000,GBR
1977,United Kingdom,56179000,GBR
1982,United Kingdom,56339704,GBR
1987,United Kingdom,56981620,GBR
1992,United Kingdom,57866349,GBR
1997,United Kingdom,58808266,GBR
2002,United Kingdom,59912431,GBR
2007,United Kingdom,60776238,GBR
1952,United States,157553000,USA
1957,United States,171984000,USA
1962,United States,186538000,USA
1967,United States,198712000,USA
1972,United States,209896000,USA
1977,United States,220239000,USA
1982,United States,232187835,USA
1987,United States,242803533,USA
1992,United States,256894189,USA
1997,United States,272911760,USA
2002,United States,287675526,USA
2007,United States,301139947,USA
1952,Uruguay,2252965,URY
1957,Uruguay,2424959,URY
1962,Uruguay,2598466,URY
1967,Uruguay,2748579,URY
1972,Uruguay,2829526,URY
1977,Uruguay,2873520,URY
1982,Uruguay,2953997,URY
1987,Uruguay,3045153,URY
1992,Uruguay,3149262,URY
1997,Uruguay,3262838,URY
2002,Uruguay,3363085,URY
2007,Uruguay,3447496,URY
1952,Venezuela,5439568,VEN
1957,Venezuela,6702668,VEN
1962,Venezuela,8143375,VEN
1967,Venezuela,9709552,VEN
1972,Venezuela,11515649,VEN
1977,Venezuela,13503563,VEN
1982,Venezuela,15620766,VEN
1987,Venezuela,17910182,VEN
1992,Venezuela,20265563,VEN
1997,Venezuela,22374398,VEN
2002,Venezuela,24287670,VEN
2007,Venezuela,26084662,VEN
1952,Vietnam,26246839,VNM
1957,Vietnam,28998543,VNM
1962,Vietnam,33796140,VNM
1967,Vietnam,39463910,VNM
1972,Vietnam,44655014,VNM
1977,Vietnam,50533506,VNM
1982,Vietnam,56142181,VNM
1987,Vietnam,62826491,VNM
1992,Vietnam,69940728,VNM
1997,Vietnam,76048996,VNM
2002,Vietnam,80908147,VNM
2007,Vietnam,85262356,VNM
1952,West Bank and Gaza,1030585,
1957,West Bank and Gaza,1070439,
1962,West Bank and Gaza,1133134,
1967,West Bank and Gaza,1142636,
1972,West Bank and Gaza,1089572,
1977,West Bank and Gaza,1261091,
1982,West Bank and Gaza,1425876,
1987,West Bank and Gaza,1691210,
1992,West Bank and Gaza,2104779,
1997,West Bank and Gaza,2826046,
2002,West Bank and Gaza,3389578,
2007,West Bank and Gaza,4018332,
1952,"Yemen, Rep.",4963829,
1957,"Yemen, Rep.",5498090,
1962,"Yemen, Rep.",6120081,
1967,"Yemen, Rep.",6740785,
1972,"Yemen, Rep.",7407075,
1977,"Yemen, Rep.",8403990,
1982,"Yemen, Rep.",9657618,
1987,"Yemen, Rep.",11219340,
1992,"Yemen, Rep.",13367997,
1997,"Yemen, Rep.",15826497,
2002,"Yemen, Rep.",18701257,
2007,"Yemen, Rep.",22211743,
1952,Zambia,2672000,ZMB
1957,Zambia,3016000,ZMB
1962,Zambia,3421000,ZMB
1967,Zambia,3900000,ZMB
1972,Zambia,4506497,ZMB
1977,Zambia,5216550,ZMB
1982,Zambia,6100407,ZMB
1987,Zambia,7272406,ZMB
1992,Zambia,8381163,ZMB
1997,Zambia,9417789,ZMB
2002,Zambia,10595811,ZMB
2007,Zambia,11746035,ZMB
1952,Zimbabwe,3080907,ZWE
1957,Zimbabwe,3646340,ZWE
1962,Zimbabwe,4277736,ZWE
1967,Zimbabwe,4995432,ZWE
1972,Zimbabwe,5861135,ZWE
1977,Zimbabwe,6642107,ZWE
1982,Zimbabwe,7636524,ZWE
1987,Zimbabwe,9216418,ZWE
1992,Zimbabwe,10704340,ZWE
1997,Zimbabwe,11404948,ZWE
2002,Zimbabwe,11926563,ZWE
2007,Zimbabwe,12311143,ZWE
